9956da,127.0.0.1,GET,http://localhost/symfony/web/app_dev.php/,1475144297,,200
6cbd2d,127.0.0.1,GET,http://localhost/symfony/web/app_dev.php/pagequinexistepas,1475220110,00e957,200
00e957,127.0.0.1,GET,http://localhost/symfony/web/app_dev.php/pagequinexistepas,1475220110,,404
003441,127.0.0.1,GET,http://localhost/symfony/web/app_dev.php/_profiler,1475220862,,301
0dd2ca,127.0.0.1,GET,http://localhost/symfony/web/app_dev.php/,1475222384,,200
23226b,127.0.0.1,GET,http://localhost/symfony/web/app_dev.php/,1475222722,,200
f24bbd,127.0.0.1,GET,http://localhost/symfony/web/app_dev.php/hello-world,1475224778,8841a7,200
8841a7,127.0.0.1,GET,http://localhost/symfony/web/app_dev.php/hello-world,1475224778,,500
fea138,127.0.0.1,GET,http://localhost/symfony/web/app_dev.php/hello-world,1475224859,a9d494,200
a9d494,127.0.0.1,GET,http://localhost/symfony/web/app_dev.php/hello-world,1475224859,,404
3fac67,127.0.0.1,GET,http://localhost/symfony/web/app_dev.php/hello-world,1475225018,51b484,200
51b484,127.0.0.1,GET,http://localhost/symfony/web/app_dev.php/hello-world,1475225018,,404
95649e,127.0.0.1,GET,http://localhost/symfony/web/app_dev.php/hello-World,1475225027,0b01df,200
0b01df,127.0.0.1,GET,http://localhost/symfony/web/app_dev.php/hello-World,1475225027,,404
4db01c,127.0.0.1,GET,http://localhost/symfony/web/app_dev.php/hello-World,1475225062,32294c,200
32294c,127.0.0.1,GET,http://localhost/symfony/web/app_dev.php/hello-World,1475225062,,404
a6b727,127.0.0.1,GET,http://localhost/symfony/web/app_dev.php/hello-Word,1475225146,bb537d,200
bb537d,127.0.0.1,GET,http://localhost/symfony/web/app_dev.php/hello-Word,1475225146,,404
51c904,127.0.0.1,GET,http://localhost/symfony/web/app_dev.php/Hello-Word,1475225161,,200
db5e10,127.0.0.1,GET,http://localhost/symfony/web/app_dev.php/hello-world,1475524567,e2fd86,200
e2fd86,127.0.0.1,GET,http://localhost/symfony/web/app_dev.php/hello-world,1475524568,,500
95086c,127.0.0.1,GET,http://localhost/symfony/web/app_dev.php/_wdt/e2fd86,1475524568,70ddb1,200
70ddb1,127.0.0.1,GET,http://localhost/symfony/web/app_dev.php/_wdt/e2fd86,1475524568,,500
76926c,127.0.0.1,GET,http://localhost/symfony/web/app_dev.php/_profiler/e2fd86,1475524580,a56cdf,200
a56cdf,127.0.0.1,GET,http://localhost/symfony/web/app_dev.php/_profiler/e2fd86,1475524580,,500
b79715,127.0.0.1,GET,http://localhost/symfony/web/app_dev.php/_wdt/a56cdf,1475524581,4c8fcb,200
4c8fcb,127.0.0.1,GET,http://localhost/symfony/web/app_dev.php/_wdt/a56cdf,1475524581,,500
65e9d3,127.0.0.1,GET,http://localhost/symfony/web/app_dev.php/_profiler/a56cdf,1475524584,9f5749,200
9f5749,127.0.0.1,GET,http://localhost/symfony/web/app_dev.php/_profiler/a56cdf,1475524584,,500
617747,127.0.0.1,GET,http://localhost/symfony/web/app_dev.php/_wdt/9f5749,1475524585,6f85fd,200
6f85fd,127.0.0.1,GET,http://localhost/symfony/web/app_dev.php/_wdt/9f5749,1475524585,,500
1717d3,127.0.0.1,GET,http://localhost/symfony/web/app_dev.php/Hello-Word,1475524816,147489,200
147489,127.0.0.1,GET,http://localhost/symfony/web/app_dev.php/Hello-Word,1475524816,,404
e09f61,127.0.0.1,GET,http://localhost/symfony/web/app_dev.php/hello-world,1475524985,,200
37918d,127.0.0.1,GET,http://localhost/symfony/web/app_dev.php/hello-world,1475525165,,200
4e3166,127.0.0.1,GET,http://localhost/symfony/web/app_dev.php/hello-world,1475525353,c31d13,200
c31d13,127.0.0.1,GET,http://localhost/symfony/web/app_dev.php/hello-world,1475525353,,500
dfa644,127.0.0.1,GET,http://localhost/symfony/web/app_dev.php/hello-world,1475525375,4ce1d3,200
4ce1d3,127.0.0.1,GET,http://localhost/symfony/web/app_dev.php/hello-world,1475525375,,500
b1d7fc,127.0.0.1,GET,http://localhost/symfony/web/app_dev.php/hello-world,1475525418,f68f9d,200
f68f9d,127.0.0.1,GET,http://localhost/symfony/web/app_dev.php/hello-world,1475525418,,500
78a96d,127.0.0.1,GET,http://localhost/symfony/web/app_dev.php/hello-world,1475525468,,200
2c7922,127.0.0.1,GET,http://localhost/symfony/web/app_dev.php/platform/advert/5,1475528720,64a17e,200
64a17e,127.0.0.1,GET,http://localhost/symfony/web/app_dev.php/platform/advert/5,1475528720,,500
ab03ac,127.0.0.1,GET,http://localhost/symfony/web/app_dev.php/platform/advert/5,1475529040,d5c844,200
d5c844,127.0.0.1,GET,http://localhost/symfony/web/app_dev.php/platform/advert/5,1475529040,,500
b26e9f,127.0.0.1,GET,http://localhost/symfony/web/app_dev.php/platform/advert/5,1475529611,,200
ede965,127.0.0.1,GET,http://localhost/symfony/web/app_dev.php/platform/advert/9?tag=vacances,1475531526,a1bc71,200
a1bc71,127.0.0.1,GET,http://localhost/symfony/web/app_dev.php/platform/advert/9?tag=vacances,1475531526,,404
bf0dad,127.0.0.1,GET,http://localhost/symfony/web/app_dev.php/siteweb/advert/9?tag=vacances,1475531543,05a1b0,200
05a1b0,127.0.0.1,GET,http://localhost/symfony/web/app_dev.php/siteweb/advert/9?tag=vacances,1475531543,,500
91f25a,127.0.0.1,GET,http://localhost/symfony/web/app_dev.php/siteweb/advert/9?tag=vacances,1475531636,15eb2c,200
15eb2c,127.0.0.1,GET,http://localhost/symfony/web/app_dev.php/siteweb/advert/9?tag=vacances,1475531636,,500
a52f90,127.0.0.1,GET,http://localhost/symfony/web/app_dev.php/siteweb/advert/9?tag=vacances,1475531687,,200
de4464,127.0.0.1,GET,http://localhost/symfony/web/app_dev.php/siteweb/advert/9?kfkfkf,1475531758,,200
b9d190,127.0.0.1,GET,http://localhost/symfony/web/app_dev.php/siteweb/advert/tag=mopololi,1475531770,516032,200
516032,127.0.0.1,GET,http://localhost/symfony/web/app_dev.php/siteweb/advert/tag=mopololi,1475531770,,404
d5093a,127.0.0.1,GET,http://localhost/symfony/web/app_dev.php/siteweb/advert/tag=mopololi,1475531774,337126,200
337126,127.0.0.1,GET,http://localhost/symfony/web/app_dev.php/siteweb/advert/tag=mopololi,1475531774,,404
c18a36,127.0.0.1,GET,http://localhost/symfony/web/app_dev.php/siteweb/advert/vlflg,1475531782,398d1d,200
398d1d,127.0.0.1,GET,http://localhost/symfony/web/app_dev.php/siteweb/advert/vlflg,1475531782,,404
113bb8,127.0.0.1,GET,http://localhost/symfony/web/app_dev.php/siteweb/advert/3_nrnrntag=hut,1475531810,fc75ae,200
fc75ae,127.0.0.1,GET,http://localhost/symfony/web/app_dev.php/siteweb/advert/3_nrnrntag=hut,1475531810,,404
cbcf69,127.0.0.1,GET,http://localhost/symfony/web/app_dev.php/siteweb/advert/3?nrnrntag=hut,1475531816,,200
12fa8d,127.0.0.1,GET,http://localhost/symfony/web/app_dev.php/siteweb/advert/3?tag=hut,1475531826,,200
d24c10,127.0.0.1,GET,http://localhost/symfony/web/app_dev.php/siteweb/advert/,1475531922,1bceea,200
1bceea,127.0.0.1,GET,http://localhost/symfony/web/app_dev.php/siteweb/advert/,1475531922,,404
778467,127.0.0.1,GET,http://localhost/symfony/web/app_dev.php/siteweb,1475531928,,200
83a949,127.0.0.1,GET,http://localhost/symfony/web/app_dev.php/siteweb/,1475531933,,200
c2480e,127.0.0.1,GET,http://localhost/symfony/web/app_dev.php/siteweb/Advert,1475531941,3bb4a3,200
3bb4a3,127.0.0.1,GET,http://localhost/symfony/web/app_dev.php/siteweb/Advert,1475531941,,404
5a9b3b,127.0.0.1,GET,http://localhost/symfony/web/app_dev.php/platform,1475845965,2fe645,200
2fe645,127.0.0.1,GET,http://localhost/symfony/web/app_dev.php/platform,1475845965,,404
1f2643,127.0.0.1,GET,http://localhost/symfony/web/app_dev.php/jn_platform,1475845980,eb6ea7,200
eb6ea7,127.0.0.1,GET,http://localhost/symfony/web/app_dev.php/jn_platform,1475845980,,404
8a8733,127.0.0.1,GET,http://localhost/symfony/web/app_dev.php/jn_platform_home/1,1475846270,ff32fe,200
ff32fe,127.0.0.1,GET,http://localhost/symfony/web/app_dev.php/jn_platform_home/1,1475846270,,404
e0aa64,127.0.0.1,GET,http://localhost/symfony/web/app_dev.php/jn_platform_home,1475846304,d1e378,200
d1e378,127.0.0.1,GET,http://localhost/symfony/web/app_dev.php/jn_platform_home,1475846304,,404
336d07,127.0.0.1,GET,http://localhost/symfony/web/app_dev.php/jn_platform_home/1,1475846312,214c87,200
214c87,127.0.0.1,GET,http://localhost/symfony/web/app_dev.php/jn_platform_home/1,1475846312,,404
a16f03,127.0.0.1,GET,http://localhost/symfony/web/app_dev.php/platform/,1475846333,129a92,200
129a92,127.0.0.1,GET,http://localhost/symfony/web/app_dev.php/platform/,1475846333,,404
f5d4b0,127.0.0.1,GET,http://localhost/symfony/web/app_dev.php/platform/advert/5,1475846474,9736df,200
9736df,127.0.0.1,GET,http://localhost/symfony/web/app_dev.php/platform/advert/5,1475846474,,404
84befa,127.0.0.1,GET,http://localhost/symfony/web/app_dev.php/platform/delete/5,1475846530,4e44af,200
4e44af,127.0.0.1,GET,http://localhost/symfony/web/app_dev.php/platform/delete/5,1475846530,,404
04c9d0,127.0.0.1,GET,http://localhost/symfony/web/app_dev.php/Hello-Word,1475846649,d9603d,200
d9603d,127.0.0.1,GET,http://localhost/symfony/web/app_dev.php/Hello-Word,1475846649,,404
fb23bb,127.0.0.1,GET,http://localhost/symfony/web/app_dev.php/jn_platform,1475846659,523adf,200
523adf,127.0.0.1,GET,http://localhost/symfony/web/app_dev.php/jn_platform,1475846659,,404
5c952a,127.0.0.1,GET,http://localhost/symfony/web/app_dev.php/,1475847185,1d7b9c,200
1d7b9c,127.0.0.1,GET,http://localhost/symfony/web/app_dev.php/,1475847185,,500
ffb966,127.0.0.1,GET,http://localhost/symfony/web/app_dev.php/_wdt/1d7b9c,1475847185,c183b4,200
c183b4,127.0.0.1,GET,http://localhost/symfony/web/app_dev.php/_wdt/1d7b9c,1475847185,,500
b5bc74,127.0.0.1,GET,http://localhost/symfony/web/app_dev.php/_profiler/1d7b9c,1475847194,be860a,200
be860a,127.0.0.1,GET,http://localhost/symfony/web/app_dev.php/_profiler/1d7b9c,1475847194,,500
ed262d,127.0.0.1,GET,http://localhost/symfony/web/app_dev.php/_wdt/be860a,1475847195,5cb626,200
5cb626,127.0.0.1,GET,http://localhost/symfony/web/app_dev.php/_wdt/be860a,1475847195,,500
2a06d5,127.0.0.1,GET,http://localhost/symfony/web/app_dev.php/_profiler/be860a,1475847197,ab0015,200
ab0015,127.0.0.1,GET,http://localhost/symfony/web/app_dev.php/_profiler/be860a,1475847197,,500
eb66ba,127.0.0.1,GET,http://localhost/symfony/web/app_dev.php/_wdt/ab0015,1475847197,b6ca1d,200
b6ca1d,127.0.0.1,GET,http://localhost/symfony/web/app_dev.php/_wdt/ab0015,1475847197,,500
5a008b,127.0.0.1,GET,http://localhost/symfony/web/app_dev.php/Hello-Word,1475847212,00f0a4,200
00f0a4,127.0.0.1,GET,http://localhost/symfony/web/app_dev.php/Hello-Word,1475847212,,500
47febc,127.0.0.1,GET,http://localhost/symfony/web/app_dev.php/_wdt/00f0a4,1475847212,14e114,200
14e114,127.0.0.1,GET,http://localhost/symfony/web/app_dev.php/_wdt/00f0a4,1475847212,,500
4ab4b0,127.0.0.1,GET,http://localhost/symfony/web/app_dev.php/,1475847218,5c549e,200
5c549e,127.0.0.1,GET,http://localhost/symfony/web/app_dev.php/,1475847218,,500
83332d,127.0.0.1,GET,http://localhost/symfony/web/app_dev.php/_wdt/5c549e,1475847219,81c6f3,200
81c6f3,127.0.0.1,GET,http://localhost/symfony/web/app_dev.php/_wdt/5c549e,1475847219,,500
01442e,127.0.0.1,GET,http://localhost/symfony/web/app_dev.php/siteweb/advert/3?tag=hut,1475847248,88dcc2,200
88dcc2,127.0.0.1,GET,http://localhost/symfony/web/app_dev.php/siteweb/advert/3?tag=hut,1475847248,,500
110bdf,127.0.0.1,GET,http://localhost/symfony/web/app_dev.php/_wdt/88dcc2,1475847249,812206,200
812206,127.0.0.1,GET,http://localhost/symfony/web/app_dev.php/_wdt/88dcc2,1475847249,,500
e4c31a,127.0.0.1,GET,http://localhost/symfony/web/app_dev.php/siteweb,1475847272,1130c9,200
1130c9,127.0.0.1,GET,http://localhost/symfony/web/app_dev.php/siteweb,1475847272,,500
330bb5,127.0.0.1,GET,http://localhost/symfony/web/app_dev.php/_wdt/1130c9,1475847272,502173,200
502173,127.0.0.1,GET,http://localhost/symfony/web/app_dev.php/_wdt/1130c9,1475847272,,500
736ba0,127.0.0.1,GET,http://localhost/symfony/web/app_dev.php/_profiler/1130c9,1475847278,b51dce,200
b51dce,127.0.0.1,GET,http://localhost/symfony/web/app_dev.php/_profiler/1130c9,1475847278,,500
410e0d,127.0.0.1,GET,http://localhost/symfony/web/app_dev.php/_wdt/b51dce,1475847278,b07438,200
b07438,127.0.0.1,GET,http://localhost/symfony/web/app_dev.php/_wdt/b51dce,1475847278,,500
5fb4f1,127.0.0.1,GET,http://localhost/symfony/web/app_dev.php/siteweb/advert/jn_platform,1475847314,6da888,200
6da888,127.0.0.1,GET,http://localhost/symfony/web/app_dev.php/siteweb/advert/jn_platform,1475847314,,500
0bafec,127.0.0.1,GET,http://localhost/symfony/web/app_dev.php/_wdt/6da888,1475847314,4a062d,200
4a062d,127.0.0.1,GET,http://localhost/symfony/web/app_dev.php/_wdt/6da888,1475847314,,500
ec6441,127.0.0.1,GET,http://localhost/symfony/web/app_dev.php/_profiler/6da888,1475847317,002298,200
002298,127.0.0.1,GET,http://localhost/symfony/web/app_dev.php/_profiler/6da888,1475847317,,500
c2bfb4,127.0.0.1,GET,http://localhost/symfony/web/app_dev.php/_wdt/002298,1475847317,96ee33,200
96ee33,127.0.0.1,GET,http://localhost/symfony/web/app_dev.php/_wdt/002298,1475847317,,500
e5d15a,127.0.0.1,GET,http://localhost/symfony/web/app_dev.php/siteweb/,1475848070,6e43b9,200
6e43b9,127.0.0.1,GET,http://localhost/symfony/web/app_dev.php/siteweb/,1475848070,,500
6374c7,127.0.0.1,GET,http://localhost/symfony/web/app_dev.php/_wdt/6e43b9,1475848070,6b7fd5,200
6b7fd5,127.0.0.1,GET,http://localhost/symfony/web/app_dev.php/_wdt/6e43b9,1475848070,,500
08aefc,127.0.0.1,GET,http://localhost/symfony/web/app_dev.php/_profiler/6e43b9,1475848217,81541c,200
81541c,127.0.0.1,GET,http://localhost/symfony/web/app_dev.php/_profiler/6e43b9,1475848217,,500
2eb4ec,127.0.0.1,GET,http://localhost/symfony/web/app_dev.php/_wdt/81541c,1475848218,3621b6,200
3621b6,127.0.0.1,GET,http://localhost/symfony/web/app_dev.php/_wdt/81541c,1475848218,,500
9547bc,127.0.0.1,GET,http://localhost/symfony/web/app_dev.php/_profiler/81541c,1475848221,4b94ed,200
4b94ed,127.0.0.1,GET,http://localhost/symfony/web/app_dev.php/_profiler/81541c,1475848221,,500
2e9a71,127.0.0.1,GET,http://localhost/symfony/web/app_dev.php/_wdt/4b94ed,1475848221,c01d90,200
c01d90,127.0.0.1,GET,http://localhost/symfony/web/app_dev.php/_wdt/4b94ed,1475848221,,500
0abfee,127.0.0.1,GET,http://localhost/symfony/web/app_dev.php/siteweb/2,1475848304,8f2558,200
8f2558,127.0.0.1,GET,http://localhost/symfony/web/app_dev.php/siteweb/2,1475848304,,500
855b02,127.0.0.1,GET,http://localhost/symfony/web/app_dev.php/_wdt/8f2558,1475848304,94b00d,200
94b00d,127.0.0.1,GET,http://localhost/symfony/web/app_dev.php/_wdt/8f2558,1475848304,,500
3bbc89,127.0.0.1,GET,http://localhost/symfony/web/app_dev.php/siteweb/2,1475848342,b9fe9a,200
b9fe9a,127.0.0.1,GET,http://localhost/symfony/web/app_dev.php/siteweb/2,1475848343,,500
c66e03,127.0.0.1,GET,http://localhost/symfony/web/app_dev.php/_wdt/b9fe9a,1475848343,6cdd88,200
6cdd88,127.0.0.1,GET,http://localhost/symfony/web/app_dev.php/_wdt/b9fe9a,1475848343,,500
c84d51,127.0.0.1,GET,http://localhost/symfony/web/app_dev.php/_profiler/6da888,1475852004,615d77,200
615d77,127.0.0.1,GET,http://localhost/symfony/web/app_dev.php/_profiler/6da888,1475852004,,500
6b7693,127.0.0.1,GET,http://localhost/symfony/web/app_dev.php/_wdt/615d77,1475852005,988c4d,200
988c4d,127.0.0.1,GET,http://localhost/symfony/web/app_dev.php/_wdt/615d77,1475852005,,500
546926,127.0.0.1,GET,http://localhost/symfony/web/app_dev.php/siteweb/,1475852020,0a018a,200
0a018a,127.0.0.1,GET,http://localhost/symfony/web/app_dev.php/siteweb/,1475852020,,500
d29d01,127.0.0.1,GET,http://localhost/symfony/web/app_dev.php/_wdt/0a018a,1475852020,e8ef19,200
e8ef19,127.0.0.1,GET,http://localhost/symfony/web/app_dev.php/_wdt/0a018a,1475852020,,500
7005ef,127.0.0.1,GET,http://localhost/symfony/web/app_dev.php/siteweb/,1475852052,3a907c,200
3a907c,127.0.0.1,GET,http://localhost/symfony/web/app_dev.php/siteweb/,1475852052,,500
415425,127.0.0.1,GET,http://localhost/symfony/web/app_dev.php/_wdt/3a907c,1475852052,98a8c5,200
98a8c5,127.0.0.1,GET,http://localhost/symfony/web/app_dev.php/_wdt/3a907c,1475852052,,500
019ab9,127.0.0.1,GET,http://localhost/symfony/web/app_dev.php/siteweb/,1475852291,57a6ec,200
57a6ec,127.0.0.1,GET,http://localhost/symfony/web/app_dev.php/siteweb/,1475852291,,500
1cb1e6,127.0.0.1,GET,http://localhost/symfony/web/app_dev.php/_wdt/57a6ec,1475852292,71e185,200
71e185,127.0.0.1,GET,http://localhost/symfony/web/app_dev.php/_wdt/57a6ec,1475852292,,500
b916ba,127.0.0.1,GET,http://localhost/symfony/web/app_dev.php/siteweb/,1475852971,be53c3,200
be53c3,127.0.0.1,GET,http://localhost/symfony/web/app_dev.php/siteweb/,1475852971,,500
6f4ac1,127.0.0.1,GET,http://localhost/symfony/web/app_dev.php/_wdt/be53c3,1475852972,eabe02,200
eabe02,127.0.0.1,GET,http://localhost/symfony/web/app_dev.php/_wdt/be53c3,1475852972,,500
efc9f8,127.0.0.1,GET,http://localhost/symfony/web/app_dev.php/siteweb/,1475853018,6abea7,200
6abea7,127.0.0.1,GET,http://localhost/symfony/web/app_dev.php/siteweb/,1475853018,,500
c7edc5,127.0.0.1,GET,http://localhost/symfony/web/app_dev.php/_wdt/6abea7,1475853018,9892b9,200
9892b9,127.0.0.1,GET,http://localhost/symfony/web/app_dev.php/_wdt/6abea7,1475853018,,500
cba1bc,127.0.0.1,GET,http://localhost/symfony/web/app_dev.php/siteweb/,1475853038,56d895,200
56d895,127.0.0.1,GET,http://localhost/symfony/web/app_dev.php/siteweb/,1475853038,,500
84422a,127.0.0.1,GET,http://localhost/symfony/web/app_dev.php/_wdt/56d895,1475853039,09d84a,200
09d84a,127.0.0.1,GET,http://localhost/symfony/web/app_dev.php/_wdt/56d895,1475853039,,500
bfb6ed,127.0.0.1,GET,http://localhost/symfony/web/app_dev.php/siteweb/,1475853065,16f480,200
16f480,127.0.0.1,GET,http://localhost/symfony/web/app_dev.php/siteweb/,1475853065,,500
cad307,127.0.0.1,GET,http://localhost/symfony/web/app_dev.php/_wdt/16f480,1475853065,534a62,200
534a62,127.0.0.1,GET,http://localhost/symfony/web/app_dev.php/_wdt/16f480,1475853065,,500
698a76,127.0.0.1,GET,http://localhost/symfony/web/app_dev.php/siteweb/,1475853308,dc0e99,200
dc0e99,127.0.0.1,GET,http://localhost/symfony/web/app_dev.php/siteweb/,1475853308,,500
8cbdd2,127.0.0.1,GET,http://localhost/symfony/web/app_dev.php/_wdt/dc0e99,1475853308,798525,200
798525,127.0.0.1,GET,http://localhost/symfony/web/app_dev.php/_wdt/dc0e99,1475853308,,500
04104c,127.0.0.1,GET,http://localhost/symfony/web/app_dev.php/siteweb/,1475853344,e9f3aa,200
e9f3aa,127.0.0.1,GET,http://localhost/symfony/web/app_dev.php/siteweb/,1475853344,,500
11d6c0,127.0.0.1,GET,http://localhost/symfony/web/app_dev.php/siteweb/,1475853430,72a882,200
72a882,127.0.0.1,GET,http://localhost/symfony/web/app_dev.php/siteweb/,1475853430,,500
49a45a,127.0.0.1,GET,http://localhost/symfony/web/app_dev.php/siteweb/,1475853475,cc43ed,200
cc43ed,127.0.0.1,GET,http://localhost/symfony/web/app_dev.php/siteweb/,1475853475,,500
90f913,127.0.0.1,GET,http://localhost/symfony/web/app_dev.php/siteweb/,1475865811,d215b0,200
d215b0,127.0.0.1,GET,http://localhost/symfony/web/app_dev.php/siteweb/,1475865811,,500
ad0613,127.0.0.1,GET,http://localhost/symfony/web/app_dev.php/siteweb/,1475865844,115f87,200
115f87,127.0.0.1,GET,http://localhost/symfony/web/app_dev.php/siteweb/,1475865844,,500
e7d478,127.0.0.1,GET,http://localhost/symfony/web/app_dev.php/siteweb/,1475865864,150e48,200
150e48,127.0.0.1,GET,http://localhost/symfony/web/app_dev.php/siteweb/,1475865864,,500
a827ca,127.0.0.1,GET,http://localhost/symfony/web/app_dev.php/siteweb/,1475865904,996389,200
996389,127.0.0.1,GET,http://localhost/symfony/web/app_dev.php/siteweb/,1475865904,,500
44803c,127.0.0.1,GET,http://localhost/symfony/web/app_dev.php/siteweb/,1475865926,57255f,200
57255f,127.0.0.1,GET,http://localhost/symfony/web/app_dev.php/siteweb/,1475865926,,500
be8a5e,127.0.0.1,GET,http://localhost/symfony/web/app_dev.php/siteweb/,1475866153,b1b391,200
b1b391,127.0.0.1,GET,http://localhost/symfony/web/app_dev.php/siteweb/,1475866153,,500
d62611,127.0.0.1,GET,http://localhost/symfony/web/app_dev.php/siteweb/,1475866220,0af4ad,200
0af4ad,127.0.0.1,GET,http://localhost/symfony/web/app_dev.php/siteweb/,1475866220,,500
984815,127.0.0.1,GET,http://localhost/symfony/web/app_dev.php/siteweb/,1475866238,fd45d5,200
fd45d5,127.0.0.1,GET,http://localhost/symfony/web/app_dev.php/siteweb/,1475866238,,500
1ef35c,127.0.0.1,GET,http://localhost/symfony/web/app_dev.php/siteweb/,1475866241,d78b67,200
d78b67,127.0.0.1,GET,http://localhost/symfony/web/app_dev.php/siteweb/,1475866241,,500
f9c7eb,127.0.0.1,GET,http://localhost/symfony/web/app_dev.php/siteweb/,1475866310,1d30a3,200
1d30a3,127.0.0.1,GET,http://localhost/symfony/web/app_dev.php/siteweb/,1475866310,,500
77fa25,127.0.0.1,GET,http://localhost/symfony/web/app_dev.php/siteweb/,1475866312,9e9873,200
9e9873,127.0.0.1,GET,http://localhost/symfony/web/app_dev.php/siteweb/,1475866312,,500
16b93d,127.0.0.1,GET,http://localhost/symfony/web/app_dev.php/siteweb/,1475866326,cf5461,200
cf5461,127.0.0.1,GET,http://localhost/symfony/web/app_dev.php/siteweb/,1475866326,,500
388c38,127.0.0.1,GET,http://localhost/symfony/web/app_dev.php/siteweb/,1475866557,b823c3,200
b823c3,127.0.0.1,GET,http://localhost/symfony/web/app_dev.php/siteweb/,1475866557,,500
f2509a,127.0.0.1,GET,http://localhost/symfony/web/app_dev.php/siteweb/,1475866626,392f12,200
392f12,127.0.0.1,GET,http://localhost/symfony/web/app_dev.php/siteweb/,1475866626,,500
739a8e,127.0.0.1,GET,http://localhost/symfony/web/app_dev.php/siteweb/,1475866713,74fdc2,200
74fdc2,127.0.0.1,GET,http://localhost/symfony/web/app_dev.php/siteweb/,1475866713,,500
6c927e,127.0.0.1,GET,http://localhost/symfony/web/app_dev.php/siteweb/,1475866741,0c8d6b,200
0c8d6b,127.0.0.1,GET,http://localhost/symfony/web/app_dev.php/siteweb/,1475866741,,500
9772f6,127.0.0.1,GET,http://localhost/symfony/web/app_dev.php/siteweb/,1475866758,622cdd,200
622cdd,127.0.0.1,GET,http://localhost/symfony/web/app_dev.php/siteweb/,1475866758,,500
2caef8,127.0.0.1,GET,http://localhost/symfony/web/app_dev.php/siteweb/,1475866771,f55736,200
f55736,127.0.0.1,GET,http://localhost/symfony/web/app_dev.php/siteweb/,1475866771,,500
d4c24f,127.0.0.1,GET,http://localhost/symfony/web/app_dev.php/siteweb/,1475866830,d7fb0d,200
d7fb0d,127.0.0.1,GET,http://localhost/symfony/web/app_dev.php/siteweb/,1475866830,,500
9a05a0,127.0.0.1,GET,http://localhost/symfony/web/app_dev.php/siteweb/,1475866843,cc2cdd,200
cc2cdd,127.0.0.1,GET,http://localhost/symfony/web/app_dev.php/siteweb/,1475866843,,500
8e99c2,127.0.0.1,GET,http://localhost/symfony/web/app_dev.php/siteweb/,1475866956,c41a4e,200
c41a4e,127.0.0.1,GET,http://localhost/symfony/web/app_dev.php/siteweb/,1475866956,,500
6ebafb,127.0.0.1,GET,http://localhost/symfony/web/app_dev.php/siteweb/,1475867004,a325db,200
a325db,127.0.0.1,GET,http://localhost/symfony/web/app_dev.php/siteweb/,1475867004,,404
4ff232,127.0.0.1,GET,http://localhost/symfony/web/app_dev.php/siteweb/1,1475867070,296c73,200
296c73,127.0.0.1,GET,http://localhost/symfony/web/app_dev.php/siteweb/1,1475867070,,500
9c5637,127.0.0.1,GET,http://localhost/symfony/web/app_dev.php/siteweb/1,1475867185,1497e8,200
1497e8,127.0.0.1,GET,http://localhost/symfony/web/app_dev.php/siteweb/1,1475867185,,500
6527a6,127.0.0.1,GET,http://localhost/symfony/web/app_dev.php/siteweb/,1475867240,cebd9a,200
cebd9a,127.0.0.1,GET,http://localhost/symfony/web/app_dev.php/siteweb/,1475867241,,404
0bd130,127.0.0.1,GET,http://localhost/symfony/web/app_dev.php/siteweb/,1475867379,c5bfd5,200
c5bfd5,127.0.0.1,GET,http://localhost/symfony/web/app_dev.php/siteweb/,1475867379,,500
34b2d6,127.0.0.1,GET,http://localhost/symfony/web/app_dev.php/siteweb/,1475867414,388d55,200
388d55,127.0.0.1,GET,http://localhost/symfony/web/app_dev.php/siteweb/,1475867414,,500
1cc37a,127.0.0.1,GET,http://localhost/symfony/web/app_dev.php/siteweb/2,1475867425,147755,200
147755,127.0.0.1,GET,http://localhost/symfony/web/app_dev.php/siteweb/2,1475867425,,500
de8071,127.0.0.1,GET,http://localhost/symfony/web/app_dev.php/siteweb/2,1475870873,dc83a4,200
dc83a4,127.0.0.1,GET,http://localhost/symfony/web/app_dev.php/siteweb/2,1475870873,,500
a0d1a9,127.0.0.1,GET,http://localhost/symfony/web/app_dev.php/siteweb/,1475871074,526907,200
526907,127.0.0.1,GET,http://localhost/symfony/web/app_dev.php/siteweb/,1475871074,,500
33bedc,127.0.0.1,GET,http://localhost/symfony/web/app_dev.php/siteweb/3,1475871082,40be32,200
40be32,127.0.0.1,GET,http://localhost/symfony/web/app_dev.php/siteweb/3,1475871082,,500
0cb1a5,127.0.0.1,GET,http://localhost/symfony/web/app_dev.php/siteweb/3,1475871481,df1a0d,200
df1a0d,127.0.0.1,GET,http://localhost/symfony/web/app_dev.php/siteweb/3,1475871481,,500
d11983,127.0.0.1,GET,http://localhost/symfony/web/app_dev.php/siteweb/1,1475873362,8cb8f7,200
8cb8f7,127.0.0.1,GET,http://localhost/symfony/web/app_dev.php/siteweb/1,1475873362,,500
3f742d,127.0.0.1,GET,http://localhost/symfony/web/app_dev.php/siteweb/1,1475878232,31cc9b,200
31cc9b,127.0.0.1,GET,http://localhost/symfony/web/app_dev.php/siteweb/1,1475878232,,500
4fc765,127.0.0.1,GET,http://localhost/symfony/web/app_dev.php/siteweb/1,1475878830,f056ad,200
f056ad,127.0.0.1,GET,http://localhost/symfony/web/app_dev.php/siteweb/1,1475878830,,500
53dc09,127.0.0.1,GET,http://localhost/symfony/web/app_dev.php/siteweb/1,1475878833,226ddf,200
226ddf,127.0.0.1,GET,http://localhost/symfony/web/app_dev.php/siteweb/1,1475878833,,500
240ce9,127.0.0.1,GET,http://localhost/symfony/web/app_dev.php/siteweb/1,1475878889,001cf4,200
001cf4,127.0.0.1,GET,http://localhost/symfony/web/app_dev.php/siteweb/1,1475878889,,500
a1c60f,127.0.0.1,GET,http://localhost/symfony/web/app_dev.php/siteweb/1,1475879069,455470,200
455470,127.0.0.1,GET,http://localhost/symfony/web/app_dev.php/siteweb/1,1475879069,,500
e3728b,127.0.0.1,GET,http://localhost/symfony/web/app_dev.php/siteweb/1,1475879074,7d3a66,200
7d3a66,127.0.0.1,GET,http://localhost/symfony/web/app_dev.php/siteweb/1,1475879074,,500
d85b0b,127.0.0.1,GET,http://localhost/symfony/web/app_dev.php/siteweb/1,1475879111,c95960,200
c95960,127.0.0.1,GET,http://localhost/symfony/web/app_dev.php/siteweb/1,1475879111,,500
5783b7,127.0.0.1,GET,http://localhost/symfony/web/app_dev.php/siteweb/1,1475879311,17fa5d,200
17fa5d,127.0.0.1,GET,http://localhost/symfony/web/app_dev.php/siteweb/1,1475879311,,500
934204,127.0.0.1,GET,http://localhost/symfony/web/app_dev.php/siteweb/1,1475879478,4e362a,200
4e362a,127.0.0.1,GET,http://localhost/symfony/web/app_dev.php/siteweb/1,1475879478,,500
a523f5,127.0.0.1,GET,http://localhost/symfony/web/app_dev.php/siteweb/1,1475879542,dcea6c,200
dcea6c,127.0.0.1,GET,http://localhost/symfony/web/app_dev.php/siteweb/1,1475879542,,500
aad6c6,127.0.0.1,GET,http://localhost/symfony/web/app_dev.php/siteweb/1,1475935758,00420e,200
00420e,127.0.0.1,GET,http://localhost/symfony/web/app_dev.php/siteweb/1,1475935758,,500
a607d7,127.0.0.1,GET,http://localhost/symfony/web/app_dev.php/siteweb/1,1475935815,3c8aa9,200
3c8aa9,127.0.0.1,GET,http://localhost/symfony/web/app_dev.php/siteweb/1,1475935815,,500
a8080c,127.0.0.1,GET,http://localhost/symfony/web/app_dev.php/siteweb/1,1475936033,decb55,200
decb55,127.0.0.1,GET,http://localhost/symfony/web/app_dev.php/siteweb/1,1475936033,,500
782ba2,127.0.0.1,GET,http://localhost/symfony/web/app_dev.php/siteweb/1,1475936075,367570,200
367570,127.0.0.1,GET,http://localhost/symfony/web/app_dev.php/siteweb/1,1475936075,,500
844b2f,127.0.0.1,GET,http://localhost/symfony/web/app_dev.php/siteweb/1,1475936079,f38671,200
f38671,127.0.0.1,GET,http://localhost/symfony/web/app_dev.php/siteweb/1,1475936079,,500
4f52d6,127.0.0.1,GET,http://localhost/symfony/web/app_dev.php/siteweb/1,1475936175,ca678d,200
ca678d,127.0.0.1,GET,http://localhost/symfony/web/app_dev.php/siteweb/1,1475936175,,500
38b992,127.0.0.1,GET,http://localhost/symfony/web/app_dev.php/_fragment?_path=_format%3Dhtml%26_locale%3Den%26_controller%3DJNPlatformBundle%253AAdvert%253Amenu,1475936347,17c965,200
17c965,127.0.0.1,GET,http://localhost/symfony/web/app_dev.php/siteweb/1,1475936347,,200
e16c6f,127.0.0.1,GET,http://localhost/symfony/web/app_dev.php/_fragment?_path=_format%3Dhtml%26_locale%3Den%26_controller%3DJNPlatformBundle%253AAdvert%253Amenu,1475936502,12bf4e,200
12bf4e,127.0.0.1,GET,http://localhost/symfony/web/app_dev.php/siteweb/0,1475936502,,200
0d6717,127.0.0.1,GET,http://localhost/symfony/web/app_dev.php/_fragment?_path=_format%3Dhtml%26_locale%3Den%26_controller%3DJNPlatformBundle%253AAdvert%253Amenu,1475936506,f89f65,200
f89f65,127.0.0.1,GET,http://localhost/symfony/web/app_dev.php/siteweb/1,1475936506,,200
a1b997,127.0.0.1,GET,http://localhost/symfony/web/app_dev.php/_fragment?_path=_format%3Dhtml%26_locale%3Den%26_controller%3DJNPlatformBundle%253AAdvert%253Amenu,1475936510,f84128,200
f84128,127.0.0.1,GET,http://localhost/symfony/web/app_dev.php/siteweb/2,1475936510,,200
4b793b,127.0.0.1,GET,http://localhost/symfony/web/app_dev.php/siteweb/add,1475936612,9d6341,200
9d6341,127.0.0.1,GET,http://localhost/symfony/web/app_dev.php/siteweb/add,1475936612,,500
8d5e97,127.0.0.1,GET,http://localhost/symfony/web/app_dev.php/_fragment?_path=_format%3Dhtml%26_locale%3Den%26_controller%3DJNPlatformBundle%253AAdvert%253Amenu,1475936683,f19284,200
f19284,127.0.0.1,GET,http://localhost/symfony/web/app_dev.php/siteweb/add,1475936684,,200
9830bb,127.0.0.1,GET,http://localhost/symfony/web/app_dev.php/_fragment?_path=_format%3Dhtml%26_locale%3Den%26_controller%3DJNPlatformBundle%253AAdvert%253Amenu,1475936890,1761d3,200
1761d3,127.0.0.1,GET,http://localhost/symfony/web/app_dev.php/siteweb,1475936890,,200
628027,127.0.0.1,GET,http://localhost/symfony/web/app_dev.php/_fragment?_path=_format%3Dhtml%26_locale%3Den%26_controller%3DJNPlatformBundle%253AAdvert%253Amenu,1475936964,42831f,200
42831f,127.0.0.1,GET,http://localhost/symfony/web/app_dev.php/siteweb,1475936964,,200
af2eca,127.0.0.1,GET,http://localhost/symfony/web/app_dev.php/_fragment?_path=_format%3Dhtml%26_locale%3Den%26_controller%3DJNPlatformBundle%253AAdvert%253Amenu,1475937015,105775,200
105775,127.0.0.1,GET,http://localhost/symfony/web/app_dev.php/siteweb,1475937015,,200
cd313d,127.0.0.1,GET,http://localhost/symfony/web/app_dev.php/_fragment?_path=_format%3Dhtml%26_locale%3Den%26_controller%3DJNPlatformBundle%253AAdvert%253Amenu,1475937631,27dabc,200
27dabc,127.0.0.1,GET,http://localhost/symfony/web/app_dev.php/siteweb,1475937631,,200
c837e7,127.0.0.1,GET,http://localhost/symfony/web/app_dev.php/_fragment?_path=_format%3Dhtml%26_locale%3Den%26_controller%3DJNPlatformBundle%253AAdvert%253Amenu,1475937639,6dba2a,200
6dba2a,127.0.0.1,GET,http://localhost/symfony/web/app_dev.php/siteweb,1475937639,,200
a00d73,127.0.0.1,GET,http://localhost/symfony/web/app_dev.php/siteweb/advert/1,1475937669,,200
931a55,127.0.0.1,GET,http://localhost/symfony/web/app_dev.php/siteweb/advert/,1475937674,e0e977,200
e0e977,127.0.0.1,GET,http://localhost/symfony/web/app_dev.php/siteweb/advert/,1475937675,,404
dc1842,127.0.0.1,GET,http://localhost/symfony/web/app_dev.php/_fragment?_path=_format%3Dhtml%26_locale%3Den%26_controller%3DJNPlatformBundle%253AAdvert%253Amenu,1475937683,847ff1,200
847ff1,127.0.0.1,GET,http://localhost/symfony/web/app_dev.php/siteweb/,1475937683,,200
4678ba,127.0.0.1,GET,http://localhost/symfony/web/app_dev.php/_fragment?_path=_format%3Dhtml%26_locale%3Den%26_controller%3DJNPlatformBundle%253AAdvert%253Amenu,1475938072,4c0655,200
4c0655,127.0.0.1,GET,http://localhost/symfony/web/app_dev.php/siteweb/advert/1,1475938072,,200
fc9fd0,127.0.0.1,GET,http://localhost/symfony/web/app_dev.php/_fragment?_path=_format%3Dhtml%26_locale%3Den%26_controller%3DJNPlatformBundle%253AAdvert%253Amenu,1475938159,f4edb2,200
f4edb2,127.0.0.1,GET,http://localhost/symfony/web/app_dev.php/siteweb,1475938159,,200
855bcb,127.0.0.1,GET,http://localhost/symfony/web/app_dev.php/_fragment?_path=_format%3Dhtml%26_locale%3Den%26_controller%3DJNPlatformBundle%253AAdvert%253Amenu,1475938687,c154cc,200
c154cc,127.0.0.1,GET,http://localhost/symfony/web/app_dev.php/siteweb/advert/1,1475938687,,200
af2002,127.0.0.1,GET,http://localhost/symfony/web/app_dev.php/_fragment?_path=_format%3Dhtml%26_locale%3Den%26_controller%3DJNPlatformBundle%253AAdvert%253Amenu,1475938691,cf95c2,200
cf95c2,127.0.0.1,GET,http://localhost/symfony/web/app_dev.php/siteweb/edit/1,1475938691,,200
f10e7c,127.0.0.1,GET,http://localhost/symfony/web/app_dev.php/siteweb/delete/1,1475938715,4669a5,200
4669a5,127.0.0.1,GET,http://localhost/symfony/web/app_dev.php/siteweb/delete/1,1475938715,,500
de79b2,127.0.0.1,GET,http://localhost/symfony/web/app_dev.php/siteweb/advert/1,1475939337,496501,200
496501,127.0.0.1,GET,http://localhost/symfony/web/app_dev.php/siteweb/advert/1,1475939337,,500
0e062b,127.0.0.1,GET,http://localhost/symfony/web/app_dev.php/siteweb/advert/1,1475939425,54d277,200
54d277,127.0.0.1,GET,http://localhost/symfony/web/app_dev.php/siteweb/advert/1,1475939425,,500
8cb0e1,127.0.0.1,GET,http://localhost/symfony/web/app_dev.php/_fragment?_path=_format%3Dhtml%26_locale%3Den%26_controller%3DJNPlatformBundle%253AAdvert%253Amenu,1475941500,2acf4b,200
2acf4b,127.0.0.1,GET,http://localhost/symfony/web/app_dev.php/siteweb/advert/1,1475941500,,200
d32981,127.0.0.1,GET,http://localhost/symfony/web/app_dev.php/_fragment?_path=_format%3Dhtml%26_locale%3Den%26_controller%3DJNPlatformBundle%253AAdvert%253Amenu,1475941690,416a55,200
416a55,127.0.0.1,GET,http://localhost/symfony/web/app_dev.php/siteweb/advert/1,1475941690,,200
c3c640,127.0.0.1,GET,http://localhost/symfony/web/app_dev.php/_fragment?_path=_format%3Dhtml%26_locale%3Den%26_controller%3DJNPlatformBundle%253AAdvert%253Amenu,1475941860,c879a0,200
c879a0,127.0.0.1,GET,http://localhost/symfony/web/app_dev.php/siteweb/,1475941860,,200
aa6ab9,127.0.0.1,GET,http://localhost/symfony/web/app_dev.php/siteweb/add,1475941868,71e929,200
71e929,127.0.0.1,GET,http://localhost/symfony/web/app_dev.php/siteweb/add,1475941868,,500
8c7db5,127.0.0.1,GET,http://localhost/symfony/web/app_dev.php/_fragment?_path=_format%3Dhtml%26_locale%3Den%26_controller%3DJNPlatformBundle%253AAdvert%253Amenu,1475941983,166bdf,200
f151bd,127.0.0.1,GET,http://localhost/symfony/web/app_dev.php/siteweb/add,1475941984,166bdf,200
166bdf,127.0.0.1,GET,http://localhost/symfony/web/app_dev.php/siteweb/add,1475941984,,500
cb5b32,127.0.0.1,GET,http://localhost/symfony/web/app_dev.php/_fragment?_path=_format%3Dhtml%26_locale%3Den%26_controller%3DJNPlatformBundle%253AAdvert%253Amenu,1475942073,4e20ec,200
778ed5,127.0.0.1,GET,http://localhost/symfony/web/app_dev.php/siteweb/add,1475942074,4e20ec,200
4e20ec,127.0.0.1,GET,http://localhost/symfony/web/app_dev.php/siteweb/add,1475942074,,500
a5c91b,127.0.0.1,GET,http://localhost/symfony/web/app_dev.php/_fragment?_path=_format%3Dhtml%26_locale%3Den%26_controller%3DJNPlatformBundle%253AAdvert%253Amenu,1475942211,65dd8a,200
571232,127.0.0.1,GET,http://localhost/symfony/web/app_dev.php/siteweb/add,1475942212,65dd8a,200
65dd8a,127.0.0.1,GET,http://localhost/symfony/web/app_dev.php/siteweb/add,1475942212,,500
a4bb3c,127.0.0.1,GET,http://localhost/symfony/web/app_dev.php/siteweb/edit,1475942409,6044c1,200
6044c1,127.0.0.1,GET,http://localhost/symfony/web/app_dev.php/siteweb/edit,1475942409,,404
38b468,127.0.0.1,GET,http://localhost/symfony/web/app_dev.php/_fragment?_path=_format%3Dhtml%26_locale%3Den%26_controller%3DJNPlatformBundle%253AAdvert%253Amenu,1475942420,2860b8,200
b2dca3,127.0.0.1,GET,http://localhost/symfony/web/app_dev.php/siteweb/add,1475942420,2860b8,200
2860b8,127.0.0.1,GET,http://localhost/symfony/web/app_dev.php/siteweb/add,1475942420,,500
77dbc4,127.0.0.1,GET,http://localhost/symfony/web/app_dev.php/_fragment?_path=_format%3Dhtml%26_locale%3Den%26_controller%3DJNPlatformBundle%253AAdvert%253Amenu,1475942568,5c7b2d,200
5c7b2d,127.0.0.1,GET,http://localhost/symfony/web/app_dev.php/siteweb/edit/1,1475942568,,200
b89c9e,127.0.0.1,GET,http://localhost/symfony/web/app_dev.php/siteweb/advert/add,1475942611,f0cffd,200
f0cffd,127.0.0.1,GET,http://localhost/symfony/web/app_dev.php/siteweb/advert/add,1475942611,,404
2c950c,127.0.0.1,GET,http://localhost/symfony/web/app_dev.php/_fragment?_path=_format%3Dhtml%26_locale%3Den%26_controller%3DJNPlatformBundle%253AAdvert%253Amenu,1475942619,68fbe5,200
9a1d9a,127.0.0.1,GET,http://localhost/symfony/web/app_dev.php/siteweb/add,1475942620,68fbe5,200
68fbe5,127.0.0.1,GET,http://localhost/symfony/web/app_dev.php/siteweb/add,1475942620,,500
6b28e2,127.0.0.1,GET,http://localhost/symfony/web/app_dev.php/_fragment?_path=_format%3Dhtml%26_locale%3Den%26_controller%3DJNPlatformBundle%253AAdvert%253Amenu,1475943009,d60ec4,200
76cc3e,127.0.0.1,GET,http://localhost/symfony/web/app_dev.php/siteweb/add,1475943010,d60ec4,200
d60ec4,127.0.0.1,GET,http://localhost/symfony/web/app_dev.php/siteweb/add,1475943010,,500
d7e293,127.0.0.1,GET,http://localhost/symfony/web/app_dev.php/_fragment?_path=_format%3Dhtml%26_locale%3Den%26_controller%3DJNPlatformBundle%253AAdvert%253Amenu,1475943113,ce6549,200
564e4b,127.0.0.1,GET,http://localhost/symfony/web/app_dev.php/siteweb/add,1475943114,ce6549,200
ce6549,127.0.0.1,GET,http://localhost/symfony/web/app_dev.php/siteweb/add,1475943114,,500
11c0f0,127.0.0.1,GET,http://localhost/symfony/web/app_dev.php/_fragment?_path=_format%3Dhtml%26_locale%3Den%26_controller%3DJNPlatformBundle%253AAdvert%253Amenu,1475943357,805b4d,200
805b4d,127.0.0.1,GET,http://localhost/symfony/web/app_dev.php/siteweb,1475943357,,200
7802d8,127.0.0.1,GET,http://localhost/symfony/web/app_dev.php/_fragment?_path=_format%3Dhtml%26_locale%3Den%26_controller%3DJNPlatformBundle%253AAdvert%253Amenu,1475943388,e16f26,200
845664,127.0.0.1,GET,http://localhost/symfony/web/app_dev.php/siteweb/add,1475943388,e16f26,200
e16f26,127.0.0.1,GET,http://localhost/symfony/web/app_dev.php/siteweb/add,1475943389,,500
dbddc4,127.0.0.1,GET,http://localhost/symfony/web/app_dev.php/_fragment?_path=_format%3Dhtml%26_locale%3Den%26_controller%3DJNPlatformBundle%253AAdvert%253Amenu,1476015553,9c94cc,200
25b1bd,127.0.0.1,GET,http://localhost/symfony/web/app_dev.php/siteweb/edit/1,1476015554,9c94cc,200
9c94cc,127.0.0.1,GET,http://localhost/symfony/web/app_dev.php/siteweb/edit/1,1476015554,,500
6a7d97,127.0.0.1,GET,http://localhost/symfony/web/app_dev.php/siteweb/edit/1,1476015724,87590a,200
87590a,127.0.0.1,GET,http://localhost/symfony/web/app_dev.php/siteweb/edit/1,1476015724,,500
4e5a03,127.0.0.1,GET,http://localhost/symfony/web/app_dev.php/siteweb/edit/1,1476015767,440a72,200
440a72,127.0.0.1,GET,http://localhost/symfony/web/app_dev.php/siteweb/edit/1,1476015767,,500
366300,127.0.0.1,GET,http://localhost/symfony/web/app_dev.php/_fragment?_path=_format%3Dhtml%26_locale%3Den%26_controller%3DJNPlatformBundle%253AAdvert%253Amenu,1476016206,bf4b16,200
bf4b16,127.0.0.1,GET,http://localhost/symfony/web/app_dev.php/siteweb/edit/1,1476016206,,200
859e57,127.0.0.1,GET,http://localhost/symfony/web/app_dev.php/siteweb/add,1476016240,26b579,200
26b579,127.0.0.1,GET,http://localhost/symfony/web/app_dev.php/siteweb/add,1476016240,,500
fe4671,127.0.0.1,GET,http://localhost/symfony/web/app_dev.php/siteweb/add,1476016274,64c347,200
64c347,127.0.0.1,GET,http://localhost/symfony/web/app_dev.php/siteweb/add,1476016274,,500
51e964,127.0.0.1,GET,http://localhost/symfony/web/app_dev.php/siteweb/add,1476016443,233535,200
233535,127.0.0.1,GET,http://localhost/symfony/web/app_dev.php/siteweb/add,1476016443,,500
5d3afe,127.0.0.1,GET,http://localhost/symfony/web/app_dev.php/siteweb/add,1476016500,d91340,200
d91340,127.0.0.1,GET,http://localhost/symfony/web/app_dev.php/siteweb/add,1476016500,,500
4e5818,127.0.0.1,GET,http://localhost/symfony/web/app_dev.php/siteweb/add,1476016503,f83daa,200
f83daa,127.0.0.1,GET,http://localhost/symfony/web/app_dev.php/siteweb/add,1476016503,,500
4989ab,127.0.0.1,GET,http://localhost/symfony/web/app_dev.php/siteweb/add,1476016530,5b4d11,200
5b4d11,127.0.0.1,GET,http://localhost/symfony/web/app_dev.php/siteweb/add,1476016530,,500
397895,127.0.0.1,GET,http://localhost/symfony/web/app_dev.php/siteweb/add,1476016767,61519c,200
61519c,127.0.0.1,GET,http://localhost/symfony/web/app_dev.php/siteweb/add,1476016767,,500
355c3c,127.0.0.1,GET,http://localhost/symfony/web/app_dev.php/siteweb/add,1476016805,025f7a,200
025f7a,127.0.0.1,GET,http://localhost/symfony/web/app_dev.php/siteweb/add,1476016805,,500
e12deb,127.0.0.1,GET,http://localhost/symfony/web/app_dev.php/siteweb/add,1476016912,96ccf7,200
96ccf7,127.0.0.1,GET,http://localhost/symfony/web/app_dev.php/siteweb/add,1476016912,,500
600862,127.0.0.1,GET,http://localhost/symfony/web/app_dev.php/_fragment?_path=_format%3Dhtml%26_locale%3Den%26_controller%3DJNPlatformBundle%253AAdvert%253Amenu,1476017069,f3c3cd,200
8d8073,127.0.0.1,GET,http://localhost/symfony/web/app_dev.php/siteweb/add,1476017070,f3c3cd,200
f3c3cd,127.0.0.1,GET,http://localhost/symfony/web/app_dev.php/siteweb/add,1476017070,,500
6664ea,127.0.0.1,GET,http://localhost/symfony/web/app_dev.php/siteweb/add,1476017456,64d693,200
64d693,127.0.0.1,GET,http://localhost/symfony/web/app_dev.php/siteweb/add,1476017456,,500
526564,127.0.0.1,GET,http://localhost/symfony/web/app_dev.php/siteweb/add,1476017614,4d5c6f,200
4d5c6f,127.0.0.1,GET,http://localhost/symfony/web/app_dev.php/siteweb/add,1476017614,,500
988876,127.0.0.1,GET,http://localhost/symfony/web/app_dev.php/_fragment?_path=_format%3Dhtml%26_locale%3Den%26_controller%3DJNPlatformBundle%253AAdvert%253Amenu,1476017706,555ab3,200
1ab1dc,127.0.0.1,GET,http://localhost/symfony/web/app_dev.php/siteweb/add,1476017707,555ab3,200
555ab3,127.0.0.1,GET,http://localhost/symfony/web/app_dev.php/siteweb/add,1476017707,,500
56e5f5,127.0.0.1,GET,http://localhost/symfony/web/app_dev.php/_fragment?_path=_format%3Dhtml%26_locale%3Den%26_controller%3DJNPlatformBundle%253AAdvert%253Amenu,1476018064,c637b5,200
e16f67,127.0.0.1,GET,http://localhost/symfony/web/app_dev.php/siteweb/add,1476018065,c637b5,200
c637b5,127.0.0.1,GET,http://localhost/symfony/web/app_dev.php/siteweb/add,1476018065,,500
aedd91,127.0.0.1,GET,http://localhost/symfony/web/app_dev.php/siteweb/edit/1,1476018250,2bb1a7,200
2bb1a7,127.0.0.1,GET,http://localhost/symfony/web/app_dev.php/siteweb/edit/1,1476018250,,500
331f0f,127.0.0.1,GET,http://localhost/symfony/web/app_dev.php/_fragment?_path=_format%3Dhtml%26_locale%3Den%26_controller%3DJNPlatformBundle%253AAdvert%253Amenu,1476018283,7df852,200
7df852,127.0.0.1,GET,http://localhost/symfony/web/app_dev.php/siteweb/edit/1,1476018283,,200
f987f5,127.0.0.1,GET,http://localhost/symfony/web/app_dev.php/_fragment?_path=_format%3Dhtml%26_locale%3Den%26_controller%3DJNPlatformBundle%253AAdvert%253Amenu,1476018292,98853a,200
98853a,127.0.0.1,GET,http://localhost/symfony/web/app_dev.php/siteweb/advert/1,1476018292,,200
d58d03,127.0.0.1,GET,http://localhost/symfony/web/app_dev.php/_fragment?_path=_format%3Dhtml%26_locale%3Den%26_controller%3DJNPlatformBundle%253AAdvert%253Amenu,1476018308,18bbe8,200
18bbe8,127.0.0.1,GET,http://localhost/symfony/web/app_dev.php/siteweb,1476018308,,200
a0b7bc,127.0.0.1,GET,http://localhost/symfony/web/app_dev.php/_fragment?_path=_format%3Dhtml%26_locale%3Den%26_controller%3DJNPlatformBundle%253AAdvert%253Amenu,1476018315,0e55fa,200
0e55fa,127.0.0.1,GET,http://localhost/symfony/web/app_dev.php/siteweb,1476018315,,200
c36ddc,127.0.0.1,GET,http://localhost/symfony/web/app_dev.php/_fragment?_path=_format%3Dhtml%26_locale%3Den%26_controller%3DJNPlatformBundle%253AAdvert%253Amenu,1476018913,797864,200
adcf57,127.0.0.1,GET,http://localhost/symfony/web/app_dev.php/siteweb/add,1476018913,797864,200
797864,127.0.0.1,GET,http://localhost/symfony/web/app_dev.php/siteweb/add,1476018913,,500
ecc53b,127.0.0.1,GET,http://localhost/symfony/web/app_dev.php/_fragment?_path=_format%3Dhtml%26_locale%3Den%26_controller%3DJNPlatformBundle%253AAdvert%253Amenu,1476018967,b76db5,200
21799b,127.0.0.1,GET,http://localhost/symfony/web/app_dev.php/siteweb/add,1476018967,b76db5,200
b76db5,127.0.0.1,GET,http://localhost/symfony/web/app_dev.php/siteweb/add,1476018967,,500
1e5643,127.0.0.1,GET,http://localhost/symfony/web/app_dev.php/_fragment?_path=_format%3Dhtml%26_locale%3Den%26_controller%3DJNPlatformBundle%253AAdvert%253Amenu,1476019030,24ebb9,200
f707f4,127.0.0.1,GET,http://localhost/symfony/web/app_dev.php/siteweb/add,1476019031,24ebb9,200
24ebb9,127.0.0.1,GET,http://localhost/symfony/web/app_dev.php/siteweb/add,1476019031,,500
0e5667,127.0.0.1,GET,http://localhost/symfony/web/app_dev.php/_fragment?_path=_format%3Dhtml%26_locale%3Den%26_controller%3DJNPlatformBundle%253AAdvert%253Amenu,1476019047,8fb522,200
7899ea,127.0.0.1,GET,http://localhost/symfony/web/app_dev.php/siteweb/add,1476019048,8fb522,200
8fb522,127.0.0.1,GET,http://localhost/symfony/web/app_dev.php/siteweb/add,1476019048,,500
113d86,127.0.0.1,GET,http://localhost/symfony/web/app_dev.php/siteweb/add,1476019160,757b45,200
757b45,127.0.0.1,GET,http://localhost/symfony/web/app_dev.php/siteweb/add,1476019160,,500
cd00ee,127.0.0.1,GET,http://localhost/symfony/web/app_dev.php/siteweb/add,1476021215,71152e,200
71152e,127.0.0.1,GET,http://localhost/symfony/web/app_dev.php/siteweb/add,1476021215,,500
10721e,127.0.0.1,GET,http://localhost/symfony/web/app_dev.php/siteweb/add,1476021286,0beb4c,200
0beb4c,127.0.0.1,GET,http://localhost/symfony/web/app_dev.php/siteweb/add,1476021286,,500
9871e4,127.0.0.1,GET,http://localhost/symfony/web/app_dev.php/_fragment?_path=_format%3Dhtml%26_locale%3Den%26_controller%3DJNPlatformBundle%253AAdvert%253Amenu,1476021668,ffe6b2,200
ffe6b2,127.0.0.1,GET,http://localhost/symfony/web/app_dev.php/siteweb/add,1476021668,,200
d519b0,127.0.0.1,GET,http://localhost/symfony/web/app_dev.php/_fragment?_path=_format%3Dhtml%26_locale%3Den%26_controller%3DJNPlatformBundle%253AAdvert%253Amenu,1476021682,ad7ab9,200
ad7ab9,127.0.0.1,GET,http://localhost/symfony/web/app_dev.php/siteweb,1476021682,,200
